timeId,name,affiliateId,count,nameEn
85,Aeroseum,aero,1
90,Aeroseum,aero,1
91,Aeroseum,aero,1
58,Enköpings museum,enk,1
69,Enköpings museum,enk,1
70,Enköpings museum,enk,2
71,Enköpings museum,enk,3
72,Enköpings museum,enk,20
73,Enköpings museum,enk,13
74,Enköpings museum,enk,6
75,Enköpings museum,enk,5
76,Enköpings museum,enk,48
77,Enköpings museum,enk,31
78,Enköpings museum,enk,57
79,Enköpings museum,enk,94
80,Enköpings museum,enk,283
81,Enköpings museum,enk,291
82,Enköpings museum,enk,109
83,Enköpings museum,enk,44
84,Enköpings museum,enk,165
85,Enköpings museum,enk,471
86,Enköpings museum,enk,621
87,Enköpings museum,enk,72
88,Enköpings museum,enk,471
89,Enköpings museum,enk,30
90,Enköpings museum,enk,59
91,Enköpings museum,enk,432
0,Statens historiska museum,shm,95383
2,Statens historiska museum,shm,503
5,Statens historiska museum,shm,2142
6,Statens historiska museum,shm,6292
8,Statens historiska museum,shm,30349
15,Statens historiska museum,shm,36283
25,Statens historiska museum,shm,10784
31,Statens historiska museum,shm,24214
33,Statens historiska museum,shm,135
35,Statens historiska museum,shm,118
37,Statens historiska museum,shm,8395
39,Statens historiska museum,shm,302
41,Statens historiska museum,shm,289
43,Statens historiska museum,shm,146777
48,Statens historiska museum,shm,63458
49,Statens historiska museum,shm,21
52,Statens historiska museum,shm,24700
53,Statens historiska museum,shm,9846
55,Statens historiska museum,shm,2
56,Statens historiska museum,shm,132731
57,Statens historiska museum,shm,19
59,Statens historiska museum,shm,1
60,Statens historiska museum,shm,220822
61,Statens historiska museum,shm,623
62,Statens historiska museum,shm,472
63,Statens historiska museum,shm,15266
64,Statens historiska museum,shm,387
65,Statens historiska museum,shm,9431
66,Statens historiska museum,shm,531
67,Statens historiska museum,shm,1295
68,Statens historiska museum,shm,23511
69,Statens historiska museum,shm,1
70,Statens historiska museum,shm,19650
71,Statens historiska museum,shm,12
72,Statens historiska museum,shm,3390
73,Statens historiska museum,shm,1
74,Statens historiska museum,shm,10
75,Statens historiska museum,shm,2
76,Statens historiska museum,shm,1123
77,Statens historiska museum,shm,1273
78,Statens historiska museum,shm,19809
79,Statens historiska museum,shm,12299
80,Statens historiska museum,shm,10742
81,Statens historiska museum,shm,14882
82,Statens historiska museum,shm,24770
83,Statens historiska museum,shm,31715
84,Statens historiska museum,shm,8533
85,Statens historiska museum,shm,30302
86,Statens historiska museum,shm,77410
87,Statens historiska museum,shm,77584
88,Statens historiska museum,shm,91079
89,Statens historiska museum,shm,252041
90,Statens historiska museum,shm,344446
91,Statens historiska museum,shm,318810
54,Östasiatiska museet,smvk-om,2
57,Östasiatiska museet,smvk-om,1
59,Östasiatiska museet,smvk-om,1
60,Östasiatiska museet,smvk-om,3
66,Östasiatiska museet,smvk-om,2
69,Östasiatiska museet,smvk-om,5
70,Östasiatiska museet,smvk-om,12
71,Östasiatiska museet,smvk-om,7
72,Östasiatiska museet,smvk-om,3
73,Östasiatiska museet,smvk-om,6
74,Östasiatiska museet,smvk-om,2
75,Östasiatiska museet,smvk-om,40
76,Östasiatiska museet,smvk-om,7
77,Östasiatiska museet,smvk-om,15
78,Östasiatiska museet,smvk-om,63
79,Östasiatiska museet,smvk-om,15
80,Östasiatiska museet,smvk-om,7
81,Östasiatiska museet,smvk-om,175
82,Östasiatiska museet,smvk-om,1694
83,Östasiatiska museet,smvk-om,1343
84,Östasiatiska museet,smvk-om,129
85,Östasiatiska museet,smvk-om,33
86,Östasiatiska museet,smvk-om,297
87,Östasiatiska museet,smvk-om,1849
88,Östasiatiska museet,smvk-om,105
89,Östasiatiska museet,smvk-om,103
90,Östasiatiska museet,smvk-om,515
91,Östasiatiska museet,smvk-om,2511
68,Hallwylska museet,hallwylska museet,11
69,Hallwylska museet,hallwylska museet,7
70,Hallwylska museet,hallwylska museet,136
71,Hallwylska museet,hallwylska museet,75
72,Hallwylska museet,hallwylska museet,91
73,Hallwylska museet,hallwylska museet,59
74,Hallwylska museet,hallwylska museet,114
75,Hallwylska museet,hallwylska museet,113
76,Hallwylska museet,hallwylska museet,118
77,Hallwylska museet,hallwylska museet,101
78,Hallwylska museet,hallwylska museet,170
79,Hallwylska museet,hallwylska museet,347
80,Hallwylska museet,hallwylska museet,143
81,Hallwylska museet,hallwylska museet,172
82,Hallwylska museet,hallwylska museet,132
83,Hallwylska museet,hallwylska museet,7
84,Hallwylska museet,hallwylska museet,2
85,Hallwylska museet,hallwylska museet,1
86,Hallwylska museet,hallwylska museet,3
89,Hallwylska museet,hallwylska museet,1
91,Hallwylska museet,hallwylska museet,50
69,Marinmuseum,smm-mm,1
71,Marinmuseum,smm-mm,15
72,Marinmuseum,smm-mm,7
73,Marinmuseum,smm-mm,2
74,Marinmuseum,smm-mm,31
75,Marinmuseum,smm-mm,59
76,Marinmuseum,smm-mm,44
77,Marinmuseum,smm-mm,28
78,Marinmuseum,smm-mm,97
79,Marinmuseum,smm-mm,440
80,Marinmuseum,smm-mm,271
81,Marinmuseum,smm-mm,277
82,Marinmuseum,smm-mm,711
83,Marinmuseum,smm-mm,1560
84,Marinmuseum,smm-mm,2536
85,Marinmuseum,smm-mm,10235
86,Marinmuseum,smm-mm,6822
87,Marinmuseum,smm-mm,319
88,Marinmuseum,smm-mm,770
89,Marinmuseum,smm-mm,496
90,Marinmuseum,smm-mm,1863
91,Marinmuseum,smm-mm,9303
49,Karlsborgs fästningsmuseum,kbg,1
50,Karlsborgs fästningsmuseum,kbg,1
58,Karlsborgs fästningsmuseum,kbg,2
59,Karlsborgs fästningsmuseum,kbg,3
61,Karlsborgs fästningsmuseum,kbg,1
71,Karlsborgs fästningsmuseum,kbg,4
72,Karlsborgs fästningsmuseum,kbg,3
75,Karlsborgs fästningsmuseum,kbg,3
76,Karlsborgs fästningsmuseum,kbg,22
77,Karlsborgs fästningsmuseum,kbg,55
78,Karlsborgs fästningsmuseum,kbg,111
79,Karlsborgs fästningsmuseum,kbg,467
80,Karlsborgs fästningsmuseum,kbg,1057
81,Karlsborgs fästningsmuseum,kbg,1821
82,Karlsborgs fästningsmuseum,kbg,1568
83,Karlsborgs fästningsmuseum,kbg,3308
84,Karlsborgs fästningsmuseum,kbg,1012
85,Karlsborgs fästningsmuseum,kbg,2601
86,Karlsborgs fästningsmuseum,kbg,1816
87,Karlsborgs fästningsmuseum,kbg,1381
88,Karlsborgs fästningsmuseum,kbg,2085
89,Karlsborgs fästningsmuseum,kbg,1804
90,Karlsborgs fästningsmuseum,kbg,1510
91,Karlsborgs fästningsmuseum,kbg,7452
49,Bohusläns museum,bhm,2
58,Bohusläns museum,bhm,2
59,Bohusläns museum,bhm,2
60,Bohusläns museum,bhm,3
62,Bohusläns museum,bhm,3
64,Bohusläns museum,bhm,1
66,Bohusläns museum,bhm,4
67,Bohusläns museum,bhm,5
68,Bohusläns museum,bhm,13
69,Bohusläns museum,bhm,18
70,Bohusläns museum,bhm,60
71,Bohusläns museum,bhm,52
72,Bohusläns museum,bhm,94
73,Bohusläns museum,bhm,74
74,Bohusläns museum,bhm,264
75,Bohusläns museum,bhm,118
76,Bohusläns museum,bhm,570
77,Bohusläns museum,bhm,212
78,Bohusläns museum,bhm,2228
79,Bohusläns museum,bhm,4608
80,Bohusläns museum,bhm,8750
81,Bohusläns museum,bhm,15921
82,Bohusläns museum,bhm,17626
83,Bohusläns museum,bhm,12268
84,Bohusläns museum,bhm,14807
85,Bohusläns museum,bhm,20655
86,Bohusläns museum,bhm,13429
87,Bohusläns museum,bhm,35186
88,Bohusläns museum,bhm,57315
89,Bohusläns museum,bhm,25988
90,Bohusläns museum,bhm,4567
91,Bohusläns museum,bhm,78609
48,Livrustkammaren och Skoklosters slott med Stiftelsen Hallwylska museet,lsh,1
59,Livrustkammaren och Skoklosters slott med Stiftelsen Hallwylska museet,lsh,1
64,Livrustkammaren och Skoklosters slott med Stiftelsen Hallwylska museet,lsh,1
65,Livrustkammaren och Skoklosters slott med Stiftelsen Hallwylska museet,lsh,2
66,Livrustkammaren och Skoklosters slott med Stiftelsen Hallwylska museet,lsh,2
67,Livrustkammaren och Skoklosters slott med Stiftelsen Hallwylska museet,lsh,15
68,Livrustkammaren och Skoklosters slott med Stiftelsen Hallwylska museet,lsh,44
69,Livrustkammaren och Skoklosters slott med Stiftelsen Hallwylska museet,lsh,108
70,Livrustkammaren och Skoklosters slott med Stiftelsen Hallwylska museet,lsh,180
71,Livrustkammaren och Skoklosters slott med Stiftelsen Hallwylska museet,lsh,120
72,Livrustkammaren och Skoklosters slott med Stiftelsen Hallwylska museet,lsh,71
73,Livrustkammaren och Skoklosters slott med Stiftelsen Hallwylska museet,lsh,60
74,Livrustkammaren och Skoklosters slott med Stiftelsen Hallwylska museet,lsh,69
75,Livrustkammaren och Skoklosters slott med Stiftelsen Hallwylska museet,lsh,84
76,Livrustkammaren och Skoklosters slott med Stiftelsen Hallwylska museet,lsh,157
77,Livrustkammaren och Skoklosters slott med Stiftelsen Hallwylska museet,lsh,167
78,Livrustkammaren och Skoklosters slott med Stiftelsen Hallwylska museet,lsh,184
79,Livrustkammaren och Skoklosters slott med Stiftelsen Hallwylska museet,lsh,102
80,Livrustkammaren och Skoklosters slott med Stiftelsen Hallwylska museet,lsh,21
81,Livrustkammaren och Skoklosters slott med Stiftelsen Hallwylska museet,lsh,18
82,Livrustkammaren och Skoklosters slott med Stiftelsen Hallwylska museet,lsh,17
83,Livrustkammaren och Skoklosters slott med Stiftelsen Hallwylska museet,lsh,9
84,Livrustkammaren och Skoklosters slott med Stiftelsen Hallwylska museet,lsh,16
85,Livrustkammaren och Skoklosters slott med Stiftelsen Hallwylska museet,lsh,8
86,Livrustkammaren och Skoklosters slott med Stiftelsen Hallwylska museet,lsh,26
87,Livrustkammaren och Skoklosters slott med Stiftelsen Hallwylska museet,lsh,33
88,Livrustkammaren och Skoklosters slott med Stiftelsen Hallwylska museet,lsh,110
89,Livrustkammaren och Skoklosters slott med Stiftelsen Hallwylska museet,lsh,230
90,Livrustkammaren och Skoklosters slott med Stiftelsen Hallwylska museet,lsh,233
91,Livrustkammaren och Skoklosters slott med Stiftelsen Hallwylska museet,lsh,563
64,Vänermuseet,vm,1
68,Vänermuseet,vm,2
69,Vänermuseet,vm,8
70,Vänermuseet,vm,30
71,Vänermuseet,vm,73
72,Vänermuseet,vm,66
73,Vänermuseet,vm,66
74,Vänermuseet,vm,88
75,Vänermuseet,vm,88
76,Vänermuseet,vm,208
77,Vänermuseet,vm,307
78,Vänermuseet,vm,368
79,Vänermuseet,vm,326
80,Vänermuseet,vm,583
81,Vänermuseet,vm,579
82,Vänermuseet,vm,410
83,Vänermuseet,vm,879
84,Vänermuseet,vm,816
85,Vänermuseet,vm,364
86,Vänermuseet,vm,1126
87,Vänermuseet,vm,321
88,Vänermuseet,vm,5664
89,Vänermuseet,vm,3964
90,Vänermuseet,vm,303
91,Vänermuseet,vm,2844
48,Stiftelsen Nordiska museet,nomu,3
49,Stiftelsen Nordiska museet,nomu,5
53,Stiftelsen Nordiska museet,nomu,1
57,Stiftelsen Nordiska museet,nomu,2
58,Stiftelsen Nordiska museet,nomu,9
59,Stiftelsen Nordiska museet,nomu,4
60,Stiftelsen Nordiska museet,nomu,8
61,Stiftelsen Nordiska museet,nomu,3
62,Stiftelsen Nordiska museet,nomu,8
63,Stiftelsen Nordiska museet,nomu,13
64,Stiftelsen Nordiska museet,nomu,16
65,Stiftelsen Nordiska museet,nomu,24
66,Stiftelsen Nordiska museet,nomu,59
67,Stiftelsen Nordiska museet,nomu,41
68,Stiftelsen Nordiska museet,nomu,283
69,Stiftelsen Nordiska museet,nomu,444
70,Stiftelsen Nordiska museet,nomu,1788
71,Stiftelsen Nordiska museet,nomu,2417
72,Stiftelsen Nordiska museet,nomu,3440
73,Stiftelsen Nordiska museet,nomu,4443
74,Stiftelsen Nordiska museet,nomu,6665
75,Stiftelsen Nordiska museet,nomu,7421
76,Stiftelsen Nordiska museet,nomu,12319
77,Stiftelsen Nordiska museet,nomu,11978
78,Stiftelsen Nordiska museet,nomu,20358
79,Stiftelsen Nordiska museet,nomu,97248
80,Stiftelsen Nordiska museet,nomu,34472
81,Stiftelsen Nordiska museet,nomu,26467
82,Stiftelsen Nordiska museet,nomu,55960
83,Stiftelsen Nordiska museet,nomu,54845
84,Stiftelsen Nordiska museet,nomu,29886
85,Stiftelsen Nordiska museet,nomu,29948
86,Stiftelsen Nordiska museet,nomu,31701
87,Stiftelsen Nordiska museet,nomu,28668
88,Stiftelsen Nordiska museet,nomu,9676
89,Stiftelsen Nordiska museet,nomu,11567
90,Stiftelsen Nordiska museet,nomu,5533
91,Stiftelsen Nordiska museet,nomu,63934
70,Jönköpings läns museum,jm,2
72,Jönköpings läns museum,jm,8
74,Jönköpings läns museum,jm,4
75,Jönköpings läns museum,jm,5
76,Jönköpings läns museum,jm,24
77,Jönköpings läns museum,jm,11
78,Jönköpings läns museum,jm,119
79,Jönköpings läns museum,jm,93
80,Jönköpings läns museum,jm,296
81,Jönköpings läns museum,jm,180
82,Jönköpings läns museum,jm,399
83,Jönköpings läns museum,jm,337
84,Jönköpings läns museum,jm,377
85,Jönköpings läns museum,jm,988
86,Jönköpings läns museum,jm,975
87,Jönköpings läns museum,jm,426
88,Jönköpings läns museum,jm,895
89,Jönköpings läns museum,jm,302
90,Jönköpings läns museum,jm,2927
91,Jönköpings läns museum,jm,4645
71,Arkitektur- och designcentrum,arkm,1
72,Arkitektur- och designcentrum,arkm,1
73,Arkitektur- och designcentrum,arkm,2
74,Arkitektur- och designcentrum,arkm,1
75,Arkitektur- och designcentrum,arkm,28
76,Arkitektur- och designcentrum,arkm,44
77,Arkitektur- och designcentrum,arkm,178
78,Arkitektur- och designcentrum,arkm,740
79,Arkitektur- och designcentrum,arkm,7935
80,Arkitektur- och designcentrum,arkm,12342
81,Arkitektur- och designcentrum,arkm,13929
82,Arkitektur- och designcentrum,arkm,16179
83,Arkitektur- och designcentrum,arkm,34452
84,Arkitektur- och designcentrum,arkm,21107
85,Arkitektur- och designcentrum,arkm,26021
86,Arkitektur- och designcentrum,arkm,17044
87,Arkitektur- och designcentrum,arkm,7879
88,Arkitektur- och designcentrum,arkm,3349
89,Arkitektur- och designcentrum,arkm,1359
90,Arkitektur- och designcentrum,arkm,347
91,Arkitektur- och designcentrum,arkm,25603
48,Blekinge museum,blm,19
50,Blekinge museum,blm,1
63,Blekinge museum,blm,1
67,Blekinge museum,blm,1
68,Blekinge museum,blm,2
71,Blekinge museum,blm,5
72,Blekinge museum,blm,28
73,Blekinge museum,blm,7
74,Blekinge museum,blm,15
75,Blekinge museum,blm,25
76,Blekinge museum,blm,53
77,Blekinge museum,blm,34
78,Blekinge museum,blm,282
79,Blekinge museum,blm,552
80,Blekinge museum,blm,805
81,Blekinge museum,blm,351
82,Blekinge museum,blm,312
83,Blekinge museum,blm,818
84,Blekinge museum,blm,1265
85,Blekinge museum,blm,2127
86,Blekinge museum,blm,2199
87,Blekinge museum,blm,1584
88,Blekinge museum,blm,691
89,Blekinge museum,blm,207
90,Blekinge museum,blm,658
91,Blekinge museum,blm,3413
63,Tekniska museet,s-tek,1
67,Tekniska museet,s-tek,2
68,Tekniska museet,s-tek,2
69,Tekniska museet,s-tek,3
70,Tekniska museet,s-tek,15
71,Tekniska museet,s-tek,28
72,Tekniska museet,s-tek,51
73,Tekniska museet,s-tek,36
74,Tekniska museet,s-tek,55
75,Tekniska museet,s-tek,176
76,Tekniska museet,s-tek,688
77,Tekniska museet,s-tek,518
78,Tekniska museet,s-tek,1724
79,Tekniska museet,s-tek,4895
80,Tekniska museet,s-tek,6465
81,Tekniska museet,s-tek,4046
82,Tekniska museet,s-tek,10117
83,Tekniska museet,s-tek,57988
84,Tekniska museet,s-tek,10955
85,Tekniska museet,s-tek,4801
86,Tekniska museet,s-tek,7586
87,Tekniska museet,s-tek,10843
88,Tekniska museet,s-tek,4680
89,Tekniska museet,s-tek,4229
90,Tekniska museet,s-tek,5302
91,Tekniska museet,s-tek,20897
58,Hälsinglands Museum,s-hm,1
62,Hälsinglands Museum,s-hm,3
63,Hälsinglands Museum,s-hm,2
65,Hälsinglands Museum,s-hm,1
66,Hälsinglands Museum,s-hm,9
67,Hälsinglands Museum,s-hm,12
68,Hälsinglands Museum,s-hm,51
69,Hälsinglands Museum,s-hm,4
70,Hälsinglands Museum,s-hm,17
71,Hälsinglands Museum,s-hm,10
72,Hälsinglands Museum,s-hm,47
73,Hälsinglands Museum,s-hm,13
74,Hälsinglands Museum,s-hm,42
75,Hälsinglands Museum,s-hm,53
76,Hälsinglands Museum,s-hm,83
77,Hälsinglands Museum,s-hm,59
78,Hälsinglands Museum,s-hm,218
79,Hälsinglands Museum,s-hm,282
80,Hälsinglands Museum,s-hm,458
81,Hälsinglands Museum,s-hm,712
82,Hälsinglands Museum,s-hm,392
83,Hälsinglands Museum,s-hm,368
84,Hälsinglands Museum,s-hm,564
85,Hälsinglands Museum,s-hm,6445
86,Hälsinglands Museum,s-hm,5569
87,Hälsinglands Museum,s-hm,4786
88,Hälsinglands Museum,s-hm,14777
89,Hälsinglands Museum,s-hm,8561
90,Hälsinglands Museum,s-hm,2320
91,Hälsinglands Museum,s-hm,11783
49,Sörmlands museum,slm,2
50,Sörmlands museum,slm,2
53,Sörmlands museum,slm,5
56,Sörmlands museum,slm,1
57,Sörmlands museum,slm,2
58,Sörmlands museum,slm,1
62,Sörmlands museum,slm,3
63,Sörmlands museum,slm,2
64,Sörmlands museum,slm,5
66,Sörmlands museum,slm,11
67,Sörmlands museum,slm,4
68,Sörmlands museum,slm,30
69,Sörmlands museum,slm,25
70,Sörmlands museum,slm,192
71,Sörmlands museum,slm,206
72,Sörmlands museum,slm,314
73,Sörmlands museum,slm,114
74,Sörmlands museum,slm,395
75,Sörmlands museum,slm,295
76,Sörmlands museum,slm,1454
77,Sörmlands museum,slm,644
78,Sörmlands museum,slm,1982
79,Sörmlands museum,slm,3481
80,Sörmlands museum,slm,4789
81,Sörmlands museum,slm,2727
82,Sörmlands museum,slm,4089
83,Sörmlands museum,slm,3874
84,Sörmlands museum,slm,11116
85,Sörmlands museum,slm,5831
86,Sörmlands museum,slm,5898
87,Sörmlands museum,slm,5743
88,Sörmlands museum,slm,6948
89,Sörmlands museum,slm,2698
90,Sörmlands museum,slm,2109
91,Sörmlands museum,slm,17561
49,Miliseum,mili,3
50,Miliseum,mili,1
65,Miliseum,mili,1
69,Miliseum,mili,1
70,Miliseum,mili,5
71,Miliseum,mili,7
72,Miliseum,mili,4
73,Miliseum,mili,1
75,Miliseum,mili,1
76,Miliseum,mili,11
77,Miliseum,mili,10
78,Miliseum,mili,31
79,Miliseum,mili,95
80,Miliseum,mili,211
81,Miliseum,mili,428
82,Miliseum,mili,737
83,Miliseum,mili,1765
84,Miliseum,mili,1882
85,Miliseum,mili,846
86,Miliseum,mili,1203
87,Miliseum,mili,645
88,Miliseum,mili,2542
89,Miliseum,mili,1437
90,Miliseum,mili,1113
91,Miliseum,mili,4104
90,Västarvet,imvg,2
91,Västarvet,imvg,29
85,Hemsö fästning,heo,2
91,Hemsö fästning,heo,1
64,Sjöhistoriska museet,smm-sm,1
68,Sjöhistoriska museet,smm-sm,2
69,Sjöhistoriska museet,smm-sm,9
70,Sjöhistoriska museet,smm-sm,26
71,Sjöhistoriska museet,smm-sm,146
72,Sjöhistoriska museet,smm-sm,36
73,Sjöhistoriska museet,smm-sm,56
74,Sjöhistoriska museet,smm-sm,227
75,Sjöhistoriska museet,smm-sm,548
76,Sjöhistoriska museet,smm-sm,323
77,Sjöhistoriska museet,smm-sm,513
78,Sjöhistoriska museet,smm-sm,2515
79,Sjöhistoriska museet,smm-sm,5673
80,Sjöhistoriska museet,smm-sm,2953
81,Sjöhistoriska museet,smm-sm,3496
82,Sjöhistoriska museet,smm-sm,4688
83,Sjöhistoriska museet,smm-sm,8025
84,Sjöhistoriska museet,smm-sm,10509
85,Sjöhistoriska museet,smm-sm,9777
86,Sjöhistoriska museet,smm-sm,8879
87,Sjöhistoriska museet,smm-sm,6079
88,Sjöhistoriska museet,smm-sm,4149
89,Sjöhistoriska museet,smm-sm,2873
90,Sjöhistoriska museet,smm-sm,9627
91,Sjöhistoriska museet,smm-sm,17501
48,Malmö museer,mm,27
49,Malmö museer,mm,43
50,Malmö museer,mm,10
57,Malmö museer,mm,2
59,Malmö museer,mm,1
63,Malmö museer,mm,3
64,Malmö museer,mm,1
65,Malmö museer,mm,1
66,Malmö museer,mm,1
67,Malmö museer,mm,3
68,Malmö museer,mm,35
69,Malmö museer,mm,90
70,Malmö museer,mm,114
71,Malmö museer,mm,406
72,Malmö museer,mm,159
73,Malmö museer,mm,240
74,Malmö museer,mm,362
75,Malmö museer,mm,638
76,Malmö museer,mm,952
77,Malmö museer,mm,1679
78,Malmö museer,mm,3075
79,Malmö museer,mm,14804
80,Malmö museer,mm,14331
81,Malmö museer,mm,18088
82,Malmö museer,mm,16527
83,Malmö museer,mm,20417
84,Malmö museer,mm,16833
85,Malmö museer,mm,10868
86,Malmö museer,mm,17924
87,Malmö museer,mm,24745
88,Malmö museer,mm,13044
89,Malmö museer,mm,9059
90,Malmö museer,mm,5444
91,Malmö museer,mm,28544
76,Region Skånes medicinhistoriska samlingar,rsms,1
77,Region Skånes medicinhistoriska samlingar,rsms,4
78,Region Skånes medicinhistoriska samlingar,rsms,20
79,Region Skånes medicinhistoriska samlingar,rsms,95
80,Region Skånes medicinhistoriska samlingar,rsms,100
81,Region Skånes medicinhistoriska samlingar,rsms,155
82,Region Skånes medicinhistoriska samlingar,rsms,446
83,Region Skånes medicinhistoriska samlingar,rsms,205
84,Region Skånes medicinhistoriska samlingar,rsms,134
85,Region Skånes medicinhistoriska samlingar,rsms,232
86,Region Skånes medicinhistoriska samlingar,rsms,740
87,Region Skånes medicinhistoriska samlingar,rsms,1018
88,Region Skånes medicinhistoriska samlingar,rsms,2245
89,Region Skånes medicinhistoriska samlingar,rsms,1090
90,Region Skånes medicinhistoriska samlingar,rsms,602
91,Region Skånes medicinhistoriska samlingar,rsms,1120
78,Flygvapenmuseum,s-fv,4
79,Flygvapenmuseum,s-fv,18
80,Flygvapenmuseum,s-fv,19
81,Flygvapenmuseum,s-fv,336
82,Flygvapenmuseum,s-fv,588
83,Flygvapenmuseum,s-fv,695
84,Flygvapenmuseum,s-fv,1385
85,Flygvapenmuseum,s-fv,379
86,Flygvapenmuseum,s-fv,234
87,Flygvapenmuseum,s-fv,586
88,Flygvapenmuseum,s-fv,1293
89,Flygvapenmuseum,s-fv,949
90,Flygvapenmuseum,s-fv,959
91,Flygvapenmuseum,s-fv,2340
71,Östergötlands museum,s-om,1
73,Östergötlands museum,s-om,1
74,Östergötlands museum,s-om,3
75,Östergötlands museum,s-om,16
76,Östergötlands museum,s-om,4
77,Östergötlands museum,s-om,6
78,Östergötlands museum,s-om,10
79,Östergötlands museum,s-om,117
80,Östergötlands museum,s-om,171
81,Östergötlands museum,s-om,162
82,Östergötlands museum,s-om,308
83,Östergötlands museum,s-om,163
84,Östergötlands museum,s-om,15
85,Östergötlands museum,s-om,312
86,Östergötlands museum,s-om,39
87,Östergötlands museum,s-om,59
88,Östergötlands museum,s-om,49
89,Östergötlands museum,s-om,17
90,Östergötlands museum,s-om,75
91,Östergötlands museum,s-om,353
64,Livrustkammaren,livrustkammaren,1
67,Livrustkammaren,livrustkammaren,1
68,Livrustkammaren,livrustkammaren,36
69,Livrustkammaren,livrustkammaren,108
70,Livrustkammaren,livrustkammaren,302
71,Livrustkammaren,livrustkammaren,451
72,Livrustkammaren,livrustkammaren,168
73,Livrustkammaren,livrustkammaren,324
74,Livrustkammaren,livrustkammaren,225
75,Livrustkammaren,livrustkammaren,208
76,Livrustkammaren,livrustkammaren,256
77,Livrustkammaren,livrustkammaren,244
78,Livrustkammaren,livrustkammaren,240
79,Livrustkammaren,livrustkammaren,353
80,Livrustkammaren,livrustkammaren,551
81,Livrustkammaren,livrustkammaren,130
82,Livrustkammaren,livrustkammaren,147
83,Livrustkammaren,livrustkammaren,201
84,Livrustkammaren,livrustkammaren,145
85,Livrustkammaren,livrustkammaren,86
86,Livrustkammaren,livrustkammaren,138
87,Livrustkammaren,livrustkammaren,13
88,Livrustkammaren,livrustkammaren,21
89,Livrustkammaren,livrustkammaren,5
90,Livrustkammaren,livrustkammaren,16
91,Livrustkammaren,livrustkammaren,208
69,Vasamuseet,smm-vm,1
71,Vasamuseet,smm-vm,1
78,Vasamuseet,smm-vm,1
80,Vasamuseet,smm-vm,7
85,Vasamuseet,smm-vm,486
86,Vasamuseet,smm-vm,9216
87,Vasamuseet,smm-vm,27
88,Vasamuseet,smm-vm,17
89,Vasamuseet,smm-vm,19
90,Vasamuseet,smm-vm,1290
91,Vasamuseet,smm-vm,3034
48,Etnografiska museet,smvk-em,8
49,Etnografiska museet,smvk-em,15
54,Etnografiska museet,smvk-em,1
57,Etnografiska museet,smvk-em,69
58,Etnografiska museet,smvk-em,3
59,Etnografiska museet,smvk-em,2
60,Etnografiska museet,smvk-em,100
61,Etnografiska museet,smvk-em,1
62,Etnografiska museet,smvk-em,1
63,Etnografiska museet,smvk-em,1
64,Etnografiska museet,smvk-em,2
65,Etnografiska museet,smvk-em,2
66,Etnografiska museet,smvk-em,1
67,Etnografiska museet,smvk-em,8
68,Etnografiska museet,smvk-em,25
69,Etnografiska museet,smvk-em,29
70,Etnografiska museet,smvk-em,23
71,Etnografiska museet,smvk-em,28
72,Etnografiska museet,smvk-em,207
73,Etnografiska museet,smvk-em,29
74,Etnografiska museet,smvk-em,31
75,Etnografiska museet,smvk-em,73
76,Etnografiska museet,smvk-em,128
77,Etnografiska museet,smvk-em,233
78,Etnografiska museet,smvk-em,565
79,Etnografiska museet,smvk-em,17029
80,Etnografiska museet,smvk-em,45038
81,Etnografiska museet,smvk-em,36304
82,Etnografiska museet,smvk-em,12840
83,Etnografiska museet,smvk-em,38540
84,Etnografiska museet,smvk-em,7491
85,Etnografiska museet,smvk-em,15019
86,Etnografiska museet,smvk-em,5374
87,Etnografiska museet,smvk-em,2040
88,Etnografiska museet,smvk-em,14212
89,Etnografiska museet,smvk-em,2606
90,Etnografiska museet,smvk-em,5178
91,Etnografiska museet,smvk-em,25460
49,Kulturen,kulturen,2
50,Kulturen,kulturen,1
52,Kulturen,kulturen,1
53,Kulturen,kulturen,1
54,Kulturen,kulturen,4
57,Kulturen,kulturen,4
58,Kulturen,kulturen,3
62,Kulturen,kulturen,4
63,Kulturen,kulturen,3
64,Kulturen,kulturen,19
66,Kulturen,kulturen,5
67,Kulturen,kulturen,5
68,Kulturen,kulturen,79
69,Kulturen,kulturen,66
70,Kulturen,kulturen,172
71,Kulturen,kulturen,191
72,Kulturen,kulturen,377
73,Kulturen,kulturen,366
74,Kulturen,kulturen,983
75,Kulturen,kulturen,819
76,Kulturen,kulturen,1279
77,Kulturen,kulturen,1201
78,Kulturen,kulturen,1002
79,Kulturen,kulturen,12601
80,Kulturen,kulturen,11210
81,Kulturen,kulturen,9353
82,Kulturen,kulturen,8661
83,Kulturen,kulturen,12849
84,Kulturen,kulturen,10914
85,Kulturen,kulturen,12026
86,Kulturen,kulturen,13332
87,Kulturen,kulturen,13279
88,Kulturen,kulturen,7224
89,Kulturen,kulturen,6505
90,Kulturen,kulturen,15608
91,Kulturen,kulturen,30886
72,Vaxholms Fästnings Museum,vax,3
75,Vaxholms Fästnings Museum,vax,1
77,Vaxholms Fästnings Museum,vax,1
78,Vaxholms Fästnings Museum,vax,1
79,Vaxholms Fästnings Museum,vax,2
83,Vaxholms Fästnings Museum,vax,1
84,Vaxholms Fästnings Museum,vax,177
85,Vaxholms Fästnings Museum,vax,17
86,Vaxholms Fästnings Museum,vax,29
87,Vaxholms Fästnings Museum,vax,71
88,Vaxholms Fästnings Museum,vax,77
89,Vaxholms Fästnings Museum,vax,19
90,Vaxholms Fästnings Museum,vax,8
91,Vaxholms Fästnings Museum,vax,79
48,"Kulturmagasinet, Helsingborgs museer",hem,116
49,"Kulturmagasinet, Helsingborgs museer",hem,121
50,"Kulturmagasinet, Helsingborgs museer",hem,183
58,"Kulturmagasinet, Helsingborgs museer",hem,1
59,"Kulturmagasinet, Helsingborgs museer",hem,1
60,"Kulturmagasinet, Helsingborgs museer",hem,4
61,"Kulturmagasinet, Helsingborgs museer",hem,1
62,"Kulturmagasinet, Helsingborgs museer",hem,1
63,"Kulturmagasinet, Helsingborgs museer",hem,2
64,"Kulturmagasinet, Helsingborgs museer",hem,1
65,"Kulturmagasinet, Helsingborgs museer",hem,1
66,"Kulturmagasinet, Helsingborgs museer",hem,1
67,"Kulturmagasinet, Helsingborgs museer",hem,3
68,"Kulturmagasinet, Helsingborgs museer",hem,15
69,"Kulturmagasinet, Helsingborgs museer",hem,9
70,"Kulturmagasinet, Helsingborgs museer",hem,154
71,"Kulturmagasinet, Helsingborgs museer",hem,273
72,"Kulturmagasinet, Helsingborgs museer",hem,109
73,"Kulturmagasinet, Helsingborgs museer",hem,28
74,"Kulturmagasinet, Helsingborgs museer",hem,87
75,"Kulturmagasinet, Helsingborgs museer",hem,130
76,"Kulturmagasinet, Helsingborgs museer",hem,251
77,"Kulturmagasinet, Helsingborgs museer",hem,311
78,"Kulturmagasinet, Helsingborgs museer",hem,2327
79,"Kulturmagasinet, Helsingborgs museer",hem,22848
80,"Kulturmagasinet, Helsingborgs museer",hem,5598
81,"Kulturmagasinet, Helsingborgs museer",hem,3681
82,"Kulturmagasinet, Helsingborgs museer",hem,5216
83,"Kulturmagasinet, Helsingborgs museer",hem,2763
84,"Kulturmagasinet, Helsingborgs museer",hem,14497
85,"Kulturmagasinet, Helsingborgs museer",hem,22531
86,"Kulturmagasinet, Helsingborgs museer",hem,13294
87,"Kulturmagasinet, Helsingborgs museer",hem,9110
88,"Kulturmagasinet, Helsingborgs museer",hem,5739
89,"Kulturmagasinet, Helsingborgs museer",hem,5562
90,"Kulturmagasinet, Helsingborgs museer",hem,54864
91,"Kulturmagasinet, Helsingborgs museer",hem,30469
76,Göteborgs naturhistoriska museum,gnm,6
78,Göteborgs naturhistoriska museum,gnm,7
79,Göteborgs naturhistoriska museum,gnm,410
80,Göteborgs naturhistoriska museum,gnm,153
81,Göteborgs naturhistoriska museum,gnm,1744
82,Göteborgs naturhistoriska museum,gnm,1469
83,Göteborgs naturhistoriska museum,gnm,1665
84,Göteborgs naturhistoriska museum,gnm,421
85,Göteborgs naturhistoriska museum,gnm,345
86,Göteborgs naturhistoriska museum,gnm,115
87,Göteborgs naturhistoriska museum,gnm,230
88,Göteborgs naturhistoriska museum,gnm,1122
89,Göteborgs naturhistoriska museum,gnm,361
90,Göteborgs naturhistoriska museum,gnm,1235
91,Göteborgs naturhistoriska museum,gnm,900
53,Vänersborgs museum,vbg,1
68,Vänersborgs museum,vbg,13
69,Vänersborgs museum,vbg,49
70,Vänersborgs museum,vbg,434
71,Vänersborgs museum,vbg,219
72,Vänersborgs museum,vbg,523
73,Vänersborgs museum,vbg,226
74,Vänersborgs museum,vbg,212
75,Vänersborgs museum,vbg,187
76,Vänersborgs museum,vbg,744
77,Vänersborgs museum,vbg,613
78,Vänersborgs museum,vbg,1405
79,Vänersborgs museum,vbg,4839
80,Vänersborgs museum,vbg,1701
81,Vänersborgs museum,vbg,3560
82,Vänersborgs museum,vbg,3780
83,Vänersborgs museum,vbg,4611
84,Vänersborgs museum,vbg,6779
85,Vänersborgs museum,vbg,8357
86,Vänersborgs museum,vbg,11228
87,Vänersborgs museum,vbg,53156
88,Vänersborgs museum,vbg,13110
89,Vänersborgs museum,vbg,6612
90,Vänersborgs museum,vbg,11421
91,Vänersborgs museum,vbg,33079
78,Teleseum,tes,2
79,Teleseum,tes,1
80,Teleseum,tes,15
81,Teleseum,tes,19
82,Teleseum,tes,291
83,Teleseum,tes,199
84,Teleseum,tes,155
85,Teleseum,tes,75
86,Teleseum,tes,1
87,Teleseum,tes,52
88,Teleseum,tes,103
91,Teleseum,tes,173
49,Upplandsmuseet,upmu,2
56,Upplandsmuseet,upmu,2
57,Upplandsmuseet,upmu,2
58,Upplandsmuseet,upmu,5
60,Upplandsmuseet,upmu,1
62,Upplandsmuseet,upmu,1
63,Upplandsmuseet,upmu,104
64,Upplandsmuseet,upmu,10
65,Upplandsmuseet,upmu,8
66,Upplandsmuseet,upmu,4
67,Upplandsmuseet,upmu,10
68,Upplandsmuseet,upmu,32
69,Upplandsmuseet,upmu,12
70,Upplandsmuseet,upmu,83
71,Upplandsmuseet,upmu,51
72,Upplandsmuseet,upmu,97
73,Upplandsmuseet,upmu,87
74,Upplandsmuseet,upmu,212
75,Upplandsmuseet,upmu,235
76,Upplandsmuseet,upmu,323
77,Upplandsmuseet,upmu,330
78,Upplandsmuseet,upmu,799
79,Upplandsmuseet,upmu,1261
80,Upplandsmuseet,upmu,1413
81,Upplandsmuseet,upmu,5866
82,Upplandsmuseet,upmu,5187
83,Upplandsmuseet,upmu,10397
84,Upplandsmuseet,upmu,15643
85,Upplandsmuseet,upmu,19833
86,Upplandsmuseet,upmu,24834
87,Upplandsmuseet,upmu,16847
88,Upplandsmuseet,upmu,13114
89,Upplandsmuseet,upmu,23478
90,Upplandsmuseet,upmu,74757
91,Upplandsmuseet,upmu,78018
72,Sveriges militärhistoriska arv,smha,1
78,Sveriges militärhistoriska arv,smha,1
84,Sveriges militärhistoriska arv,smha,1
85,Sveriges militärhistoriska arv,smha,1
86,Sveriges militärhistoriska arv,smha,2
87,Sveriges militärhistoriska arv,smha,1
88,Sveriges militärhistoriska arv,smha,1
89,Sveriges militärhistoriska arv,smha,1
90,Sveriges militärhistoriska arv,smha,1
91,Sveriges militärhistoriska arv,smha,5
88,Gotlands försvarsmuseum,gfm,1
48,Dramawebben,dramawebben,1
49,Dramawebben,dramawebben,1
58,Dramawebben,dramawebben,1
59,Dramawebben,dramawebben,1
60,Dramawebben,dramawebben,1
61,Dramawebben,dramawebben,1
62,Dramawebben,dramawebben,1
63,Dramawebben,dramawebben,1
64,Dramawebben,dramawebben,1
65,Dramawebben,dramawebben,1
66,Dramawebben,dramawebben,1
67,Dramawebben,dramawebben,1
68,Dramawebben,dramawebben,1
69,Dramawebben,dramawebben,1
70,Dramawebben,dramawebben,7
71,Dramawebben,dramawebben,1
72,Dramawebben,dramawebben,1
73,Dramawebben,dramawebben,6
74,Dramawebben,dramawebben,4
75,Dramawebben,dramawebben,13
76,Dramawebben,dramawebben,7
77,Dramawebben,dramawebben,17
78,Dramawebben,dramawebben,48
79,Dramawebben,dramawebben,110
80,Dramawebben,dramawebben,62
81,Dramawebben,dramawebben,103
82,Dramawebben,dramawebben,27
83,Dramawebben,dramawebben,9
84,Dramawebben,dramawebben,2
85,Dramawebben,dramawebben,1
86,Dramawebben,dramawebben,1
87,Dramawebben,dramawebben,1
88,Dramawebben,dramawebben,2
89,Dramawebben,dramawebben,1
91,Dramawebben,dramawebben,6
49,Världskulturmuseet,smvk-vkm,2
71,Världskulturmuseet,smvk-vkm,1
74,Världskulturmuseet,smvk-vkm,1
76,Världskulturmuseet,smvk-vkm,30
77,Världskulturmuseet,smvk-vkm,40
78,Världskulturmuseet,smvk-vkm,1508
79,Världskulturmuseet,smvk-vkm,1733
80,Världskulturmuseet,smvk-vkm,6014
81,Världskulturmuseet,smvk-vkm,6455
82,Världskulturmuseet,smvk-vkm,18070
83,Världskulturmuseet,smvk-vkm,22359
84,Världskulturmuseet,smvk-vkm,3560
85,Världskulturmuseet,smvk-vkm,4753
86,Världskulturmuseet,smvk-vkm,5186
87,Världskulturmuseet,smvk-vkm,4078
88,Världskulturmuseet,smvk-vkm,5121
89,Världskulturmuseet,smvk-vkm,1167
90,Världskulturmuseet,smvk-vkm,616
91,Världskulturmuseet,smvk-vkm,12811
62,Skoklosters slott,skoklosters slott,1
67,Skoklosters slott,skoklosters slott,16
68,Skoklosters slott,skoklosters slott,314
69,Skoklosters slott,skoklosters slott,2129
70,Skoklosters slott,skoklosters slott,4953
71,Skoklosters slott,skoklosters slott,4410
72,Skoklosters slott,skoklosters slott,1419
73,Skoklosters slott,skoklosters slott,997
74,Skoklosters slott,skoklosters slott,790
75,Skoklosters slott,skoklosters slott,267
76,Skoklosters slott,skoklosters slott,498
77,Skoklosters slott,skoklosters slott,960
78,Skoklosters slott,skoklosters slott,43
79,Skoklosters slott,skoklosters slott,19
80,Skoklosters slott,skoklosters slott,71
81,Skoklosters slott,skoklosters slott,11
82,Skoklosters slott,skoklosters slott,12
83,Skoklosters slott,skoklosters slott,5
84,Skoklosters slott,skoklosters slott,3
85,Skoklosters slott,skoklosters slott,26
86,Skoklosters slott,skoklosters slott,5
91,Skoklosters slott,skoklosters slott,201
70,Sundsvalls museum,sm,4
71,Sundsvalls museum,sm,3
72,Sundsvalls museum,sm,6
73,Sundsvalls museum,sm,3
74,Sundsvalls museum,sm,11
75,Sundsvalls museum,sm,25
76,Sundsvalls museum,sm,75
77,Sundsvalls museum,sm,36
78,Sundsvalls museum,sm,367
79,Sundsvalls museum,sm,2093
80,Sundsvalls museum,sm,1632
81,Sundsvalls museum,sm,1597
82,Sundsvalls museum,sm,1142
83,Sundsvalls museum,sm,1152
84,Sundsvalls museum,sm,2052
85,Sundsvalls museum,sm,4979
86,Sundsvalls museum,sm,3778
87,Sundsvalls museum,sm,1057
88,Sundsvalls museum,sm,452
89,Sundsvalls museum,sm,406
90,Sundsvalls museum,sm,143
91,Sundsvalls museum,sm,4830
60,Skansen,sk,1
66,Skansen,sk,1
68,Skansen,sk,2
69,Skansen,sk,1
70,Skansen,sk,10
71,Skansen,sk,40
72,Skansen,sk,109
73,Skansen,sk,87
74,Skansen,sk,605
75,Skansen,sk,207
76,Skansen,sk,470
77,Skansen,sk,313
78,Skansen,sk,218
79,Skansen,sk,1339
80,Skansen,sk,343
81,Skansen,sk,312
82,Skansen,sk,1251
83,Skansen,sk,641
84,Skansen,sk,88
85,Skansen,sk,45
86,Skansen,sk,63
87,Skansen,sk,75
88,Skansen,sk,112
89,Skansen,sk,337
90,Skansen,sk,245
91,Skansen,sk,1429
49,Dalslands fornminnes- och hembygdsförbund,dfh,1
79,Dalslands fornminnes- och hembygdsförbund,dfh,13
80,Dalslands fornminnes- och hembygdsförbund,dfh,25
81,Dalslands fornminnes- och hembygdsförbund,dfh,11
82,Dalslands fornminnes- och hembygdsförbund,dfh,212
91,Dalslands fornminnes- och hembygdsförbund,dfh,10
49,Länsmuseet Gävleborg,s-xlm,2
61,Länsmuseet Gävleborg,s-xlm,1
66,Länsmuseet Gävleborg,s-xlm,1
70,Länsmuseet Gävleborg,s-xlm,8
71,Länsmuseet Gävleborg,s-xlm,2
72,Länsmuseet Gävleborg,s-xlm,6
74,Länsmuseet Gävleborg,s-xlm,8
75,Länsmuseet Gävleborg,s-xlm,15
76,Länsmuseet Gävleborg,s-xlm,35
77,Länsmuseet Gävleborg,s-xlm,64
78,Länsmuseet Gävleborg,s-xlm,351
79,Länsmuseet Gävleborg,s-xlm,1356
80,Länsmuseet Gävleborg,s-xlm,2548
81,Länsmuseet Gävleborg,s-xlm,13261
82,Länsmuseet Gävleborg,s-xlm,9126
83,Länsmuseet Gävleborg,s-xlm,11154
84,Länsmuseet Gävleborg,s-xlm,23542
85,Länsmuseet Gävleborg,s-xlm,15145
86,Länsmuseet Gävleborg,s-xlm,9833
87,Länsmuseet Gävleborg,s-xlm,6649
88,Länsmuseet Gävleborg,s-xlm,3375
89,Länsmuseet Gävleborg,s-xlm,54681
90,Länsmuseet Gävleborg,s-xlm,964
91,Länsmuseet Gävleborg,s-xlm,28986
49,Riksantikvarieämbetet,raä,1
50,Riksantikvarieämbetet,raä,6
53,Riksantikvarieämbetet,raä,1
58,Riksantikvarieämbetet,raä,62
59,Riksantikvarieämbetet,raä,58
60,Riksantikvarieämbetet,raä,1377
61,Riksantikvarieämbetet,raä,568
62,Riksantikvarieämbetet,raä,1053
63,Riksantikvarieämbetet,raä,508
64,Riksantikvarieämbetet,raä,650
65,Riksantikvarieämbetet,raä,355
66,Riksantikvarieämbetet,raä,737
67,Riksantikvarieämbetet,raä,562
68,Riksantikvarieämbetet,raä,497
69,Riksantikvarieämbetet,raä,470
70,Riksantikvarieämbetet,raä,1682
71,Riksantikvarieämbetet,raä,2823
72,Riksantikvarieämbetet,raä,2665
73,Riksantikvarieämbetet,raä,2449
74,Riksantikvarieämbetet,raä,3643
75,Riksantikvarieämbetet,raä,3031
76,Riksantikvarieämbetet,raä,5379
77,Riksantikvarieämbetet,raä,3764
78,Riksantikvarieämbetet,raä,11916
79,Riksantikvarieämbetet,raä,12614
80,Riksantikvarieämbetet,raä,14883
81,Riksantikvarieämbetet,raä,17869
82,Riksantikvarieämbetet,raä,25790
83,Riksantikvarieämbetet,raä,35316
84,Riksantikvarieämbetet,raä,24450
85,Riksantikvarieämbetet,raä,31477
86,Riksantikvarieämbetet,raä,26438
87,Riksantikvarieämbetet,raä,16376
88,Riksantikvarieämbetet,raä,16321
89,Riksantikvarieämbetet,raä,29383
90,Riksantikvarieämbetet,raä,29954
91,Riksantikvarieämbetet,raä,81990
48,Medelhavsmuseet,smvk-mm,3
49,Medelhavsmuseet,smvk-mm,1
68,Medelhavsmuseet,smvk-mm,2
69,Medelhavsmuseet,smvk-mm,2
78,Medelhavsmuseet,smvk-mm,1
79,Medelhavsmuseet,smvk-mm,2
80,Medelhavsmuseet,smvk-mm,25
81,Medelhavsmuseet,smvk-mm,4
82,Medelhavsmuseet,smvk-mm,1341
83,Medelhavsmuseet,smvk-mm,1547
84,Medelhavsmuseet,smvk-mm,10
85,Medelhavsmuseet,smvk-mm,100
86,Medelhavsmuseet,smvk-mm,545
87,Medelhavsmuseet,smvk-mm,700
88,Medelhavsmuseet,smvk-mm,365
89,Medelhavsmuseet,smvk-mm,1665
90,Medelhavsmuseet,smvk-mm,14357
91,Medelhavsmuseet,smvk-mm,7094
49,Göteborgs stadsmuseum,gsm,12
50,Göteborgs stadsmuseum,gsm,16
54,Göteborgs stadsmuseum,gsm,2
58,Göteborgs stadsmuseum,gsm,12
62,Göteborgs stadsmuseum,gsm,5
63,Göteborgs stadsmuseum,gsm,2
65,Göteborgs stadsmuseum,gsm,2
66,Göteborgs stadsmuseum,gsm,3
67,Göteborgs stadsmuseum,gsm,6
68,Göteborgs stadsmuseum,gsm,65
69,Göteborgs stadsmuseum,gsm,64
70,Göteborgs stadsmuseum,gsm,143
71,Göteborgs stadsmuseum,gsm,383
72,Göteborgs stadsmuseum,gsm,455
73,Göteborgs stadsmuseum,gsm,431
74,Göteborgs stadsmuseum,gsm,797
75,Göteborgs stadsmuseum,gsm,879
76,Göteborgs stadsmuseum,gsm,1216
77,Göteborgs stadsmuseum,gsm,1249
78,Göteborgs stadsmuseum,gsm,2801
79,Göteborgs stadsmuseum,gsm,5174
80,Göteborgs stadsmuseum,gsm,9017
81,Göteborgs stadsmuseum,gsm,8629
82,Göteborgs stadsmuseum,gsm,11737
83,Göteborgs stadsmuseum,gsm,12343
84,Göteborgs stadsmuseum,gsm,11275
85,Göteborgs stadsmuseum,gsm,8767
86,Göteborgs stadsmuseum,gsm,12472
87,Göteborgs stadsmuseum,gsm,19496
88,Göteborgs stadsmuseum,gsm,11594
89,Göteborgs stadsmuseum,gsm,6008
90,Göteborgs stadsmuseum,gsm,16019
91,Göteborgs stadsmuseum,gsm,32445
58,Armémuseum,arme,6
62,Armémuseum,arme,1
63,Armémuseum,arme,1
64,Armémuseum,arme,1
66,Armémuseum,arme,1
67,Armémuseum,arme,1
68,Armémuseum,arme,21
69,Armémuseum,arme,21
70,Armémuseum,arme,165
71,Armémuseum,arme,2365
72,Armémuseum,arme,841
73,Armémuseum,arme,150
74,Armémuseum,arme,233
75,Armémuseum,arme,251
76,Armémuseum,arme,853
77,Armémuseum,arme,546
78,Armémuseum,arme,1608
79,Armémuseum,arme,9926
80,Armémuseum,arme,4721
81,Armémuseum,arme,3172
82,Armémuseum,arme,1780
83,Armémuseum,arme,8546
84,Armémuseum,arme,10834
85,Armémuseum,arme,6419
86,Armémuseum,arme,5838
87,Armémuseum,arme,9017
88,Armémuseum,arme,3710
89,Armémuseum,arme,2939
90,Armémuseum,arme,5050
91,Armémuseum,arme,16702
52,Örebro läns museum,s-olm,1
57,Örebro läns museum,s-olm,1
58,Örebro läns museum,s-olm,12
60,Örebro läns museum,s-olm,4
61,Örebro läns museum,s-olm,1
62,Örebro läns museum,s-olm,4
63,Örebro läns museum,s-olm,5
64,Örebro läns museum,s-olm,8
65,Örebro läns museum,s-olm,8
66,Örebro läns museum,s-olm,19
67,Örebro läns museum,s-olm,19
68,Örebro läns museum,s-olm,26
69,Örebro läns museum,s-olm,12
70,Örebro läns museum,s-olm,73
71,Örebro läns museum,s-olm,40
72,Örebro läns museum,s-olm,184
73,Örebro läns museum,s-olm,96
74,Örebro läns museum,s-olm,126
75,Örebro läns museum,s-olm,137
76,Örebro läns museum,s-olm,441
77,Örebro läns museum,s-olm,209
78,Örebro läns museum,s-olm,633
79,Örebro läns museum,s-olm,1084
80,Örebro läns museum,s-olm,5302
81,Örebro läns museum,s-olm,8860
82,Örebro läns museum,s-olm,7458
83,Örebro läns museum,s-olm,10875
84,Örebro läns museum,s-olm,10583
85,Örebro läns museum,s-olm,14188
86,Örebro läns museum,s-olm,21767
87,Örebro läns museum,s-olm,38562
88,Örebro läns museum,s-olm,3718
89,Örebro läns museum,s-olm,26249
90,Örebro läns museum,s-olm,9416
91,Örebro läns museum,s-olm,31095
49,"Ajtte, Svenskt Fjäll- och Samemuseum",ajtte,12
59,"Ajtte, Svenskt Fjäll- och Samemuseum",ajtte,1
73,"Ajtte, Svenskt Fjäll- och Samemuseum",ajtte,1
74,"Ajtte, Svenskt Fjäll- och Samemuseum",ajtte,5
75,"Ajtte, Svenskt Fjäll- och Samemuseum",ajtte,6
76,"Ajtte, Svenskt Fjäll- och Samemuseum",ajtte,14
77,"Ajtte, Svenskt Fjäll- och Samemuseum",ajtte,17
78,"Ajtte, Svenskt Fjäll- och Samemuseum",ajtte,36
79,"Ajtte, Svenskt Fjäll- och Samemuseum",ajtte,313
80,"Ajtte, Svenskt Fjäll- och Samemuseum",ajtte,307
81,"Ajtte, Svenskt Fjäll- och Samemuseum",ajtte,1040
82,"Ajtte, Svenskt Fjäll- och Samemuseum",ajtte,388
83,"Ajtte, Svenskt Fjäll- och Samemuseum",ajtte,121
84,"Ajtte, Svenskt Fjäll- och Samemuseum",ajtte,1213
85,"Ajtte, Svenskt Fjäll- och Samemuseum",ajtte,2852
86,"Ajtte, Svenskt Fjäll- och Samemuseum",ajtte,5936
87,"Ajtte, Svenskt Fjäll- och Samemuseum",ajtte,4427
88,"Ajtte, Svenskt Fjäll- och Samemuseum",ajtte,7308
89,"Ajtte, Svenskt Fjäll- och Samemuseum",ajtte,8263
90,"Ajtte, Svenskt Fjäll- och Samemuseum",ajtte,18900
91,"Ajtte, Svenskt Fjäll- och Samemuseum",ajtte,9467
79,Försvarsmuseum Boden,fmb,1
81,Försvarsmuseum Boden,fmb,2
82,Försvarsmuseum Boden,fmb,13
83,Försvarsmuseum Boden,fmb,7
84,Försvarsmuseum Boden,fmb,14
85,Försvarsmuseum Boden,fmb,5
86,Försvarsmuseum Boden,fmb,7
88,Försvarsmuseum Boden,fmb,2
89,Försvarsmuseum Boden,fmb,6
90,Försvarsmuseum Boden,fmb,90
91,Försvarsmuseum Boden,fmb,149
57,Falbygdens museum,s-fbm,2
78,Falbygdens museum,s-fbm,50
79,Falbygdens museum,s-fbm,384
80,Falbygdens museum,s-fbm,610
81,Falbygdens museum,s-fbm,1179
82,Falbygdens museum,s-fbm,1329
83,Falbygdens museum,s-fbm,3193
84,Falbygdens museum,s-fbm,1643
85,Falbygdens museum,s-fbm,2038
86,Falbygdens museum,s-fbm,943
87,Falbygdens museum,s-fbm,2163
88,Falbygdens museum,s-fbm,1993
89,Falbygdens museum,s-fbm,2423
90,Falbygdens museum,s-fbm,434
91,Falbygdens museum,s-fbm,4311
50,Postmuseum,pm,3
53,Postmuseum,pm,1
63,Postmuseum,pm,1
68,Postmuseum,pm,3
69,Postmuseum,pm,5
70,Postmuseum,pm,13
71,Postmuseum,pm,42
72,Postmuseum,pm,151
73,Postmuseum,pm,40
74,Postmuseum,pm,65
75,Postmuseum,pm,45
76,Postmuseum,pm,302
77,Postmuseum,pm,255
78,Postmuseum,pm,1212
79,Postmuseum,pm,1349
80,Postmuseum,pm,1263
81,Postmuseum,pm,1506
82,Postmuseum,pm,2289
83,Postmuseum,pm,2970
84,Postmuseum,pm,2682
85,Postmuseum,pm,4892
86,Postmuseum,pm,10575
87,Postmuseum,pm,4235
88,Postmuseum,pm,6184
89,Postmuseum,pm,2040
90,Postmuseum,pm,2668
91,Postmuseum,pm,8637
